-- Seed data for SirBuysALot
-- Uses ON CONFLICT DO NOTHING so it only inserts once

-- Einkaufslisten
INSERT INTO shopping_lists (id, name, access_code, version, created_at, updated_at)
VALUES
  ('a1000000-0000-0000-0000-000000000001', 'Wocheneinkauf', 'woche123', 1, NOW(), NOW()),
  ('a1000000-0000-0000-0000-000000000002', 'Grillparty Samstag', 'grill456', 1, NOW(), NOW()),
  ('a1000000-0000-0000-0000-000000000003', 'Buero-Snacks', 'buero789', 1, NOW(), NOW())
ON CONFLICT (id) DO NOTHING;

-- Benutzer
INSERT INTO app_users (id, display_name, shopping_list_id)
VALUES
  ('b1000000-0000-0000-0000-000000000001', 'Deniz', 'a1000000-0000-0000-0000-000000000001'),
  ('b1000000-0000-0000-0000-000000000002', 'Matei', 'a1000000-0000-0000-0000-000000000001'),
  ('b1000000-0000-0000-0000-000000000003', 'Julian', 'a1000000-0000-0000-0000-000000000002')
ON CONFLICT (id) DO NOTHING;

-- Tags
INSERT INTO tags (id, name, shopping_list_id)
VALUES
  ('c1000000-0000-0000-0000-000000000001', 'Obst', 'a1000000-0000-0000-0000-000000000001'),
  ('c1000000-0000-0000-0000-000000000002', 'Getraenke', 'a1000000-0000-0000-0000-000000000001'),
  ('c1000000-0000-0000-0000-000000000003', 'Fleisch', 'a1000000-0000-0000-0000-000000000002'),
  ('c1000000-0000-0000-0000-000000000004', 'Grillzubehoer', 'a1000000-0000-0000-0000-000000000002'),
  ('c1000000-0000-0000-0000-000000000005', 'Snacks', 'a1000000-0000-0000-0000-000000000003')
ON CONFLICT (id) DO NOTHING;

-- Produkte: Wocheneinkauf
INSERT INTO products (id, name, price, purchased, purchased_by, purchased_at, position, version, shopping_list_id, created_at, updated_at)
VALUES
  ('d1000000-0000-0000-0000-000000000001', 'Vollmilch 1L', 1.49, true, 'Deniz', NOW() - INTERVAL '2 hours', 1, 1, 'a1000000-0000-0000-0000-000000000001', NOW(), NOW()),
  ('d1000000-0000-0000-0000-000000000002', 'Bananen 1kg', 1.99, false, NULL, NULL, 2, 1, 'a1000000-0000-0000-0000-000000000001', NOW(), NOW()),
  ('d1000000-0000-0000-0000-000000000003', 'Toastbrot', 1.29, false, NULL, NULL, 3, 1, 'a1000000-0000-0000-0000-000000000001', NOW(), NOW()),
  ('d1000000-0000-0000-0000-000000000004', 'Butter 250g', 2.79, true, 'Matei', NOW() - INTERVAL '1 hour', 4, 1, 'a1000000-0000-0000-0000-000000000001', NOW(), NOW()),
  ('d1000000-0000-0000-0000-000000000005', 'Mineralwasser 6x1.5L', 3.99, false, NULL, NULL, 5, 1, 'a1000000-0000-0000-0000-000000000001', NOW(), NOW()),
  ('d1000000-0000-0000-0000-000000000006', 'Eier 10er', 3.49, false, NULL, NULL, 6, 1, 'a1000000-0000-0000-0000-000000000001', NOW(), NOW())
ON CONFLICT (id) DO NOTHING;

-- Produkte: Grillparty
INSERT INTO products (id, name, price, purchased, position, version, shopping_list_id, created_at, updated_at)
VALUES
  ('d2000000-0000-0000-0000-000000000001', 'Grillwuerstel 6er', 4.99, false, 1, 1, 'a1000000-0000-0000-0000-000000000002', NOW(), NOW()),
  ('d2000000-0000-0000-0000-000000000002', 'Schweinskoteletts 1kg', 8.99, false, 2, 1, 'a1000000-0000-0000-0000-000000000002', NOW(), NOW()),
  ('d2000000-0000-0000-0000-000000000003', 'Grillkohle 3kg', 5.49, false, 3, 1, 'a1000000-0000-0000-0000-000000000002', NOW(), NOW()),
  ('d2000000-0000-0000-0000-000000000004', 'Ketchup', 2.29, false, 4, 1, 'a1000000-0000-0000-0000-000000000002', NOW(), NOW()),
  ('d2000000-0000-0000-0000-000000000005', 'Semmeln 6er', 1.99, false, 5, 1, 'a1000000-0000-0000-0000-000000000002', NOW(), NOW())
ON CONFLICT (id) DO NOTHING;

-- Produkte: Buero-Snacks
INSERT INTO products (id, name, price, purchased, position, version, shopping_list_id, created_at, updated_at)
VALUES
  ('d3000000-0000-0000-0000-000000000001', 'Manner Schnitten', 1.89, false, 1, 1, 'a1000000-0000-0000-0000-000000000003', NOW(), NOW()),
  ('d3000000-0000-0000-0000-000000000002', 'Soletti Salzstangerl', 1.49, false, 2, 1, 'a1000000-0000-0000-0000-000000000003', NOW(), NOW()),
  ('d3000000-0000-0000-0000-000000000003', 'Kaffee gemahlen 500g', 6.99, false, 3, 1, 'a1000000-0000-0000-0000-000000000003', NOW(), NOW()),
  ('d3000000-0000-0000-0000-000000000004', 'Apfelsaft 1L', 1.79, false, 4, 1, 'a1000000-0000-0000-0000-000000000003', NOW(), NOW())
ON CONFLICT (id) DO NOTHING;

-- Product-Tag Zuordnungen
INSERT INTO product_tags (product_id, tag_id)
VALUES
  ('d1000000-0000-0000-0000-000000000002', 'c1000000-0000-0000-0000-000000000001'),
  ('d1000000-0000-0000-0000-000000000005', 'c1000000-0000-0000-0000-000000000002'),
  ('d2000000-0000-0000-0000-000000000001', 'c1000000-0000-0000-0000-000000000003'),
  ('d2000000-0000-0000-0000-000000000002', 'c1000000-0000-0000-0000-000000000003'),
  ('d2000000-0000-0000-0000-000000000003', 'c1000000-0000-0000-0000-000000000004'),
  ('d3000000-0000-0000-0000-000000000001', 'c1000000-0000-0000-0000-000000000005'),
  ('d3000000-0000-0000-0000-000000000002', 'c1000000-0000-0000-0000-000000000005')
ON CONFLICT DO NOTHING;
